,library,barcode,id,dedup_count
173,15,GTGA,ucin036conc,43910166
238,20,TCAC,ucin245,39349837
365,31,GTGA,ucin341conc,27816900
442,37,TCAC,ucin335z,27504768
334,28,TCAC,ucin409,16688071
109,10,AGAC,943,4196098
443,37,GACT,ucin352z,3816496
397,34,AGAC,ucin413replicate,3542394
322,27,TCAC,ucin408re,3395929
331,28,GCTT,ucin355,2957109
41,4,GTGA,810,2881390
80,7,CTAC,838,2578005
390,33,TCAG,ucin012RE,2500216
52,5,CATC,802,2440940
53,5,GTGA,811,2439641
58,5,TCAC,853,2349159
145,13,AGAC,F03LC,2339539
8,1,CTAC,831,2294101
89,8,GTGA,814,2217312
159,14,AGTG,ucin013re,2204752
180,16,GTGT,941,2174400
68,6,CTAC,837,2165582
5,1,GTGA,806,2148131
393,33,TGTC,ucin211RE,2120597
147,13,AGTG,ucin008,2098646
115,10,GCTT,ucin050,2087940
395,33,GACT,ucin406RE,2082150
454,38,TCAC,ucin428z,2055250
168,15,GTGT,940,2052678
114,10,TCAG,ucin039conc,2008550
99,9,AGTG,ucin004conc,2005619
311,26,GACT,ucin419conc,1997305
299,25,GACT,ucin416,1975839
111,10,AGTG,ucin005,1966747
88,8,CATC,805,1953243
123,11,AGTG,ucin006conc,1905602
297,25,TGTC,ucin383,1904385
296,25,CTAC,ucin361,1900247
94,8,TCAC,856,1880698
83,7,GACT,863,1879839
135,12,AGTG,ucin007,1863770
307,26,GCTT,ucin351re,1859663
78,7,TCAG,822RE,1845209
357,30,TGTC,ucin401,1830630
71,6,GACT,862RE,1824268
108,10,GTGT,935,1813925
416,35,CTAC,ucin080z,1812664
30,3,TCAG,817RE,1806779
126,11,TCAG,ucin040,1783390
342,29,TCAG,ucin346,1782828
165,14,TGTC,ucin096,1781167
14,2,ACCA,130,1773160
47,4,GACT,860,1747240
1,1,AGAC,113,1733763
43,4,GCTT,806replicate,1707412
174,15,TCAG,ucin044conc,1702455
358,30,TCAC,ucin413,1695959
112,10,CATC,ucin021,1680281
203,17,GACT,ucin257,1675011
294,25,TCAG,ucin279concreplicate,1654819
298,25,TCAC,ucin404,1652085
343,29,GCTT,ucin356,1650333
153,13,TGTC,ucin095,1642429
32,3,CTAC,834RE,1622674
56,5,CTAC,836,1621454
4,1,CATC,204LC,1603386
146,13,ACCA,935replicate,1598692
339,29,AGTG,ucin321,1597836
0,1,GTGT,101,1592170
333,28,TGTC,ucin399,1588380
82,7,TCAC,855,1579615
388,33,CATC,ucin436,1575762
261,22,TGTC,ucin240,1567198
344,29,CTAC,ucin379,1558967
28,3,CATC,401,1558693
189,16,TGTC,ucin098,1547397
310,26,TCAC,ucin405,1547217
198,17,TCAG,ucin205,1544888
156,14,GTGT,939,1542311
76,7,CATC,804,1533478
249,21,TGTC,ucin239,1532076
17,2,GTGA,807RE,1523870
441,37,TGTC,ucin324z,1522418
347,29,GACT,ucin424,1511246
38,4,ACCA,131LC,1506574
61,6,AGAC,122LC-conc,1502609
399,34,AGTG,ucin009z,1481307
171,15,AGTG,ucin016,1468662
118,10,TCAC,ucin100,1466298
57,5,TGTC,844RE1,1459230
2,1,ACCA,128LC,1458152
137,12,GTGA,ucin033,1457850
169,15,AGAC,F05LC,1457476
34,3,TCAC,851,1456479
222,19,TCAG,ucin207,1455967
46,4,TCAC,852,1451775
149,13,GTGA,ucin034,1443894
414,35,TCAG,ucin078z,1442063
318,27,TCAG,ucin344,1440728
40,4,CATC,801RE,1432986
62,6,ACCA,136LC,1420323
210,18,TCAG,ucin206,1416621
196,17,CATC,ucin156re,1414030
300,26,GTGT,ucin266reconc,1412262
90,8,TCAG,823RE,1405309
336,29,GTGT,ucin269,1404312
124,11,CATC,ucin022,1403830
39,4,AGTG,147LC,1401862
160,14,CATC,ucin026,1397867
75,7,AGTG,153LC,1392314
121,11,AGAC,F01LC,1388650
187,16,GCTT,ucin065,1388243
225,19,TGTC,ucin237,1385267
219,19,AGTG,ucin148,1380207
84,8,GTGT,111LC,1374662
394,33,TCAC,ucin212RE,1373298
60,6,GTGT,109,1368836
179,15,GACT,ucin113,1364583
312,27,GTGT,ucin267,1361963
400,34,CATC,ucin010REz,1358873
415,35,GCTT,ucin079z,1352278
98,9,ACCA,F09LC,1345995
263,22,GACT,ucin262reconc,1333173
63,6,AGTG,151LC,1329483
166,14,TCAC,ucin104,1325615
319,27,GCTT,ucin354,1320457
27,3,AGTG,146LC,1316801
429,36,TGTC,ucin228z,1313181
48,5,GTGT,107LC,1309196
93,8,TGTC,847RE1,1308651
79,7,GCTT,829,1307455
65,6,GTGA,812RE,1305594
387,33,AGTG,ucin435,1304985
59,5,GACT,861,1304105
97,9,AGAC,942RE,1295189
392,33,CTAC,ucin210RE,1291954
207,18,AGTG,ucin146,1285394
302,26,ACCA,ucin306,1283994
401,34,GTGA,ucin011REz,1282976
183,16,AGTG,ucin017,1282898
194,17,ACCA,ucin137,1281716
190,16,TCAC,ucin106,1277846
177,15,TGTC,ucin097,1275913
195,17,AGTG,ucin145,1274617
36,4,GTGT,105LC,1269379
3,1,AGTG,141,1267647
345,29,TGTC,ucin400,1266463
328,28,CATC,ucin329,1264634
178,15,TCAC,ucin105,1262032
199,17,GCTT,ucin217,1260302
191,16,GACT,ucin115re,1253570
72,7,GTGT,109LC,1251288
74,7,ACCA,138LC,1247079
262,22,TCAC,ucin251,1240580
324,28,GTGT,ucin268,1233900
291,25,AGTG,ucin313,1233062
295,25,GCTT,ucin350,1229643
175,15,GCTT,ucin059,1229587
321,27,TGTC,ucin386,1222526
127,11,GCTT,ucin053conc,1221215
455,38,GACT,ucin430z,1217671
248,21,CTAC,ucin230,1204873
136,12,CATC,ucin023,1199155
315,27,AGTG,ucin316,1195771
216,19,GTGT,ucin118conc,1192361
44,4,CTAC,835,1189312
301,26,AGAC,ucin275,1188398
120,11,GTGT,936,1185224
417,35,TGTC,ucin123z,1180279
419,35,GACT,ucin130z,1169852
148,13,CATC,ucin024,1167908
19,2,GCTT,825RE,1167334
73,7,AGAC,123,1167020
391,33,GCTT,ucin063RE,1161461
181,16,AGAC,F07LC,1160191
272,23,CTAC,ucin232,1154786
70,6,TCAC,854,1154272
16,2,CATC,206LC,1147140
260,22,CTAC,ucin231,1140222
330,28,TCAG,ucin345re,1139109
161,14,GTGA,ucin035,1136497
201,17,TGTC,ucin234,1134220
227,19,GACT,ucin259,1131031
12,2,GTGT,103LC,1124237
15,2,AGTG,143LC,1116103
250,21,TCAC,ucin249,1110567
354,30,TCAG,ucin347conc,1109930
142,12,TCAC,ucin102,1108984
26,3,ACCA,131,1094442
24,3,GTGT,105,1089948
11,1,GACT,857,1089606
224,19,CTAC,ucin227conc,1083129
360,31,GTGT,ucin273,1082551
64,6,CATC,803RE,1079880
214,18,TCAC,ucin243,1074585
412,35,CATC,ucin076z,1072463
133,12,AGAC,F02LC,1071907
25,3,AGAC,117LC,1071807
411,35,AGTG,ucin062z,1066763
200,17,CTAC,ucin225,1058445
103,9,GCTT,ucin047conc,1057393
398,34,ACCA,ucin427RE,1051941
18,2,TCAG,816,1051136
346,29,TCAC,ucin412,1047716
45,4,TGTC,843RE1,1045358
239,20,GACT,ucin260reconc,1035564
369,31,TGTC,ucin402,1031378
55,5,GCTT,827,1030281
125,11,GTGA,ucin032,1026056
231,20,AGTG,ucin149,1023921
316,27,CATC,ucin328,1019315
157,14,AGAC,F04LC,1018801
246,21,TCAG,ucin209,1017128
293,25,GTGA,ucin334re,1011699
359,30,GACT,ucin425,1001427
116,10,CTAC,ucin074,994237
356,30,CTAC,ucin380conc,992416
100,9,CATC,ucin020,990554
273,23,TGTC,ucin241,990152
440,37,CTAC,ucin320z,988833
408,35,GTGT,ucin058z,986716
202,17,TCAC,ucin236replicate,985550
306,26,TCAG,ucin343conc,978938
242,21,ACCA,ucin141,978094
320,27,CTAC,ucin364conc,977965
228,20,GTGT,ucin119re,966017
54,5,TCAG,819,962197
385,33,AGAC,ucin433,961346
205,18,AGAC,ucin126,957886
424,36,CATC,ucin163z,957359
396,34,GTGT,ucin407RE,954978
188,16,CTAC,ucin024replicate,949769
172,15,CATC,ucin028,949095
402,34,TCAG,ucin018z,940968
31,3,GCTT,826RE,940497
418,35,TCAC,ucin129z,939841
143,12,GACT,ucin110,935976
101,9,GTGA,ucin030,934408
107,9,GACT,ucin107,932147
405,34,TGTC,ucin049z,929153
106,9,TCAC,ucin099,928981
170,15,ACCA,ucin002,928736
51,5,AGTG,149LC,927671
323,27,GACT,ucin420,922659
407,34,GACT,ucin057z,920209
86,8,ACCA,139LC,919132
304,26,CATC,ucin327re,909047
42,4,TCAG,818RE,907624
29,3,GTGA,808,903962
158,14,ACCA,ucin001,903932
49,5,AGAC,120RE,898922
69,6,TGTC,845,896174
35,3,GACT,859RE,896109
452,38,CTAC,ucin421z,894641
144,13,GTGT,938,893288
139,12,GCTT,ucin054,889550
220,19,CATC,ucin159conc,889151
152,13,CTAC,ucin083,884862
292,25,CATC,ucin326conc,879739
164,14,CTAC,ucin089,876238
155,13,GACT,ucin111,871241
229,20,AGAC,ucin128,870700
129,11,TGTC,ucin093,865400
13,2,AGAC,116,865366
288,25,GTGT,ucin265conc,862460
430,36,TCAC,ucin235z,856014
406,34,TCAC,ucin052z,853655
105,9,TGTC,ucin091,852807
113,10,GTGA,ucin031,844411
230,20,ACCA,ucin140,839253
410,35,ACCA,ucin061z,838731
6,1,TCAG,815RE,837561
252,22,GTGT,ucin121conc,834687
162,14,TCAG,ucin043,824650
254,22,ACCA,ucin142,823964
85,8,AGAC,125LC,823042
274,23,TCAC,ucin253,809938
325,28,AGAC,ucin300,805398
256,22,CATC,ucin162conc,800538
366,31,TCAG,ucin348,798327
131,11,GACT,ucin109,796082
182,16,ACCA,ucin003,788814
215,18,GACT,ucin258,785959
337,29,AGAC,ucin301,785941
243,21,AGTG,ucin151,782186
303,26,AGTG,ucin315,781523
104,9,CTAC,ucin068B,773137
409,35,AGAC,ucin060z,770960
193,17,AGAC,ucin125,766434
213,18,TGTC,ucin236,765783
413,35,GTGA,ucin077z,759650
132,12,GTGT,937,756315
308,26,CTAC,ucin363,752885
221,19,GTGA,ucin170conc,752147
138,12,TCAG,ucin041,749265
251,21,GACT,ucin261,746462
22,2,TCAC,849RE,741008
367,31,GCTT,ucin359,740708
317,27,GTGA,ucin337,740380
102,9,TCAG,ucin038conc,734154
309,26,TGTC,ucin385,724450
176,15,CTAC,ucin090,722006
7,1,GCTT,824,721212
197,17,GTGA,ucin167conc,714959
217,19,AGAC,ucin127,712713
289,25,AGAC,ucin274re,706535
192,17,GTGT,ucin116conc,704550
386,33,ACCA,ucin434,704453
332,28,CTAC,ucin365,700837
163,14,GCTT,ucin056conc,699077
437,37,GTGA,ucin314z,697379
140,12,CTAC,ucin081,696015
130,11,TCAC,ucin101,694179
338,29,ACCA,ucin309,692600
240,21,GTGT,ucin120conc,688676
327,28,AGTG,ucin318,687224
167,14,GACT,ucin112,683524
348,30,GTGT,ucin270,683140
50,5,ACCA,134LC,680389
226,19,TCAC,ucin244,675404
67,6,GCTT,828RE,673826
150,13,TCAG,ucin042conc,670520
119,10,GACT,ucin108,669631
9,1,TGTC,840,669308
389,33,GTGA,ucin437,669075
21,2,TGTC,841,668527
403,34,GCTT,ucin046z,667103
184,16,CATC,ucin029,664079
128,11,CTAC,ucin075,659276
232,20,CATC,ucin160re,658715
77,7,GTGA,813RE,656088
384,33,GTGT,ucin432z,650038
154,13,TCAC,ucin103,638612
255,22,AGTG,ucin152,636983
96,9,GTGT,934,633794
313,27,AGAC,ucin279conc,631734
206,18,ACCA,ucin138,626521
204,18,GTGT,ucin117conc,617587
141,12,TGTC,ucin094,605321
314,27,ACCA,ucin307,600890
23,2,GACT,858,597144
81,7,TGTC,846,594221
436,37,CATC,ucin278z,594076
438,37,TCAG,ucin317z,591724
236,20,CTAC,ucin229,589062
431,36,GACT,ucin246z,589027
370,31,TCAC,ucin414,586324
368,31,CTAC,ucin381,580646
208,18,CATC,ucin157conc,580564
404,34,CTAC,ucin048z,567989
453,38,TGTC,ucin423z,565604
234,20,TCAG,ucin208,564465
66,6,TCAG,820,562885
371,31,GACT,ucin426,554681
209,18,GTGA,ucin168,551918
432,37,GTGT,ucin252z,549809
218,19,ACCA,ucin139,547421
244,21,CATC,ucin161conc,543948
91,8,GCTT,830,542658
275,23,GACT,ucin263,541846
10,1,TCAC,848,540079
95,8,GACT,933,527588
363,31,AGTG,ucin323,523262
20,2,CTAC,832,522940
110,10,ACCA,IN001,517872
287,24,GACT,ucin264,517543
422,36,ACCA,ucin147z,515705
186,16,TCAG,ucin045,503748
364,31,CATC,ucin332,498033
237,20,TGTC,ucin238,496420
329,28,GTGA,ucin338,491707
350,30,ACCA,ucin310conc,488395
284,24,CTAC,ucin233,477352
290,25,ACCA,ucin305,476710
185,16,GTGA,ucin037,470924
122,11,ACCA,IN002,464356
423,36,AGTG,ucin150z,463194
33,3,TGTC,842,453337
257,22,GTGA,ucin182conc,448397
87,8,AGTG,201RE,447440
211,18,GCTT,ucin218,439279
241,21,AGAC,ucin132,436215
434,37,ACCA,ucin276z,430817
435,37,AGTG,ucin277z,423204
428,36,CTAC,ucin214z,419524
305,26,GTGA,ucin336,406844
253,22,AGAC,ucin133,401908
259,22,GCTT,ucin222,401760
267,23,AGTG,ucin153conc,401701
286,24,TCAC,ucin256,398924
349,30,AGAC,ucin302,397404
134,12,ACCA,IN003,392493
420,36,GTGT,ucin131z,389549
340,29,CATC,ucin330,373085
351,30,AGTG,ucin322,369811
449,38,GTGA,ucin411z,367287
212,18,CTAC,ucin226,345635
245,21,GTGA,ucin181conc,340845
247,21,GCTT,ucin221,340831
421,36,AGAC,ucin134z,340477
341,29,GTGA,ucin339,325756
355,30,GCTT,ucin358conc,320037
361,31,AGAC,ucin303,319398
92,8,CTAC,839,318314
427,36,GCTT,ucin179REz,311923
233,20,GTGA,ucin178,304225
266,23,ACCA,ucin143,300012
285,24,TGTC,ucin242,294060
223,19,GCTT,ucin219,291889
433,37,AGAC,ucin271REz,291003
425,36,GTGA,ucin166z,282592
151,13,GCTT,ucin055,282265
426,36,TCAG,ucin169z,277691
37,4,AGAC,120LC,275871
326,28,ACCA,ucin308,270694
335,28,GACT,ucin422,269496
270,23,TCAG,ucin215,263782
235,20,GCTT,ucin220,262226
278,24,ACCA,ucin144,243557
352,30,CATC,ucin331,228585
264,23,GTGT,ucin122re,209330
379,32,GCTT,ucin360,206267
439,37,GCTT,ucin319z,202000
450,38,TCAG,ucin417z,201030
268,23,CATC,ucin164re,189148
380,32,CTAC,ucin382,184537
117,10,TGTC,ucin092,169812
372,32,GTGT,ucin261replicate,168331
448,38,CATC,ucin410z,144852
378,32,TCAG,ucin349conc,138825
258,22,TCAG,ucin213conc,127591
444,38,GTGT,ucin353z,109078
353,30,GTGA,ucin340,105032
282,24,TCAG,ucin216,104459
381,32,TGTC,ucin431z,103151
382,32,TCAC,ucin415,100779
446,38,ACCA,ucin362z,99087
279,24,AGTG,ucin154re,98081
445,38,AGAC,ucin357z,88608
276,24,GTGT,ucin124,84367
362,31,ACCA,ucin311,82950
271,23,GCTT,ucin223,78868
383,32,GACT,ucin429,77288
265,23,AGAC,ucin135,76685
280,24,CATC,ucin165conc,74118
374,32,ACCA,ucin312,67392
373,32,AGAC,ucin304,63588
277,24,AGAC,ucin136,53251
375,32,AGTG,ucin325re,52168
281,24,GTGA,ucin204conc,50740
376,32,CATC,ucin333,47134
269,23,GTGA,ucin203conc,40016
377,32,GTGA,ucin342re,26128
447,38,AGTG,ucin384REz,20324
451,38,GCTT,ucin418z,15125
283,24,GCTT,ucin224,11047
