library,barcode,id
1,GTGT,101
1,AGAC,113
1,ACCA,128LC
1,AGTG,141
1,CATC,204LC
1,GTGA,806
1,TCAG,815RE
1,GCTT,824
1,CTAC,831
1,TGTC,840
1,TCAC,848
1,GACT,857
2,GTGT,103LC
2,AGAC,116
2,ACCA,130
2,AGTG,143LC
2,CATC,206LC
2,GTGA,807RE
2,TCAG,816
2,GCTT,825RE
2,CTAC,832
2,TGTC,841
2,TCAC,849RE
2,GACT,858
3,GTGT,105
3,AGAC,117LC
3,ACCA,131
3,AGTG,146LC
3,CATC,401
3,GTGA,808
3,TCAG,817RE
3,GCTT,826RE
3,CTAC,834RE
3,TGTC,842
3,TCAC,851
3,GACT,859RE
4,GTGT,105LC
4,AGAC,120LC
4,ACCA,131LC
4,AGTG,147LC
4,CATC,801RE
4,GTGA,810
4,TCAG,818RE
4,GCTT,806replicate
4,CTAC,835
4,TGTC,843RE1
4,TCAC,852
4,GACT,860
5,GTGT,107LC
5,AGAC,120RE
5,ACCA,134LC
5,AGTG,149LC
5,CATC,802
5,GTGA,811
5,TCAG,819
5,GCTT,827
5,CTAC,836
5,TGTC,844RE1
5,TCAC,853
5,GACT,861
6,GTGT,109
6,AGAC,122LC-conc
6,ACCA,136LC
6,AGTG,151LC
6,CATC,803RE
6,GTGA,812RE
6,TCAG,820
6,GCTT,828RE
6,CTAC,837
6,TGTC,845
6,TCAC,854
6,GACT,862RE
7,GTGT,109LC
7,AGAC,123
7,ACCA,138LC
7,AGTG,153LC
7,CATC,804
7,GTGA,813RE
7,TCAG,822RE
7,GCTT,829
7,CTAC,838
7,TGTC,846
7,TCAC,855
7,GACT,863
8,GTGT,111LC
8,AGAC,125LC
8,ACCA,139LC
8,AGTG,201RE
8,CATC,805
8,GTGA,814
8,TCAG,823RE
8,GCTT,830
8,CTAC,839
8,TGTC,847RE1
8,TCAC,856
8,GACT,933
9,GTGT,934
9,AGAC,942RE
9,ACCA,F09LC
9,AGTG,ucin004conc
9,CATC,ucin020
9,GTGA,ucin030
9,TCAG,ucin038conc
9,GCTT,ucin047conc
9,CTAC,ucin068B
9,TGTC,ucin091
9,TCAC,ucin099
9,GACT,ucin107
10,GTGT,935
10,AGAC,943
10,ACCA,IN001
10,AGTG,ucin005
10,CATC,ucin021
10,GTGA,ucin031
10,TCAG,ucin039conc
10,GCTT,ucin050
10,CTAC,ucin074
10,TGTC,ucin092
10,TCAC,ucin100
10,GACT,ucin108
11,GTGT,936
11,AGAC,F01LC
11,ACCA,IN002
11,AGTG,ucin006conc
11,CATC,ucin022
11,GTGA,ucin032
11,TCAG,ucin040
11,GCTT,ucin053conc
11,CTAC,ucin075
11,TGTC,ucin093
11,TCAC,ucin101
11,GACT,ucin109
12,GTGT,937
12,AGAC,F02LC
12,ACCA,IN003
12,AGTG,ucin007
12,CATC,ucin023
12,GTGA,ucin033
12,TCAG,ucin041
12,GCTT,ucin054
12,CTAC,ucin081
12,TGTC,ucin094
12,TCAC,ucin102
12,GACT,ucin110
13,GTGT,938
13,AGAC,F03LC
13,ACCA,935replicate
13,AGTG,ucin008
13,CATC,ucin024
13,GTGA,ucin034
13,TCAG,ucin042conc
13,GCTT,ucin055
13,CTAC,ucin083
13,TGTC,ucin095
13,TCAC,ucin103
13,GACT,ucin111
14,GTGT,939
14,AGAC,F04LC
14,ACCA,ucin001
14,AGTG,ucin013re
14,CATC,ucin026
14,GTGA,ucin035
14,TCAG,ucin043
14,GCTT,ucin056conc
14,CTAC,ucin089
14,TGTC,ucin096
14,TCAC,ucin104
14,GACT,ucin112
15,GTGT,940
15,AGAC,F05LC
15,ACCA,ucin002
15,AGTG,ucin016
15,CATC,ucin028
15,GTGA,ucin036conc
15,TCAG,ucin044conc
15,GCTT,ucin059
15,CTAC,ucin090
15,TGTC,ucin097
15,TCAC,ucin105
15,GACT,ucin113
16,GTGT,941
16,AGAC,F07LC
16,ACCA,ucin003
16,AGTG,ucin017
16,CATC,ucin029
16,GTGA,ucin037
16,TCAG,ucin045
16,GCTT,ucin065
16,CTAC,ucin024replicate
16,TGTC,ucin098
16,TCAC,ucin106
16,GACT,ucin115re
17,GTGT,ucin116conc
17,AGAC,ucin125
17,ACCA,ucin137
17,AGTG,ucin145
17,CATC,ucin156re
17,GTGA,ucin167conc
17,TCAG,ucin205
17,GCTT,ucin217
17,CTAC,ucin225
17,TGTC,ucin234
17,TCAC,ucin236replicate
17,GACT,ucin257
18,GTGT,ucin117conc
18,AGAC,ucin126
18,ACCA,ucin138
18,AGTG,ucin146
18,CATC,ucin157conc
18,GTGA,ucin168
18,TCAG,ucin206
18,GCTT,ucin218
18,CTAC,ucin226
18,TGTC,ucin236
18,TCAC,ucin243
18,GACT,ucin258
19,GTGT,ucin118conc
19,AGAC,ucin127
19,ACCA,ucin139
19,AGTG,ucin148
19,CATC,ucin159conc
19,GTGA,ucin170conc
19,TCAG,ucin207
19,GCTT,ucin219
19,CTAC,ucin227conc
19,TGTC,ucin237
19,TCAC,ucin244
19,GACT,ucin259
20,GTGT,ucin119re
20,AGAC,ucin128
20,ACCA,ucin140
20,AGTG,ucin149
20,CATC,ucin160re
20,GTGA,ucin178
20,TCAG,ucin208
20,GCTT,ucin220
20,CTAC,ucin229
20,TGTC,ucin238
20,TCAC,ucin245
20,GACT,ucin260reconc
21,GTGT,ucin120conc
21,AGAC,ucin132
21,ACCA,ucin141
21,AGTG,ucin151
21,CATC,ucin161conc
21,GTGA,ucin181conc
21,TCAG,ucin209
21,GCTT,ucin221
21,CTAC,ucin230
21,TGTC,ucin239
21,TCAC,ucin249
21,GACT,ucin261
22,GTGT,ucin121conc
22,AGAC,ucin133
22,ACCA,ucin142
22,AGTG,ucin152
22,CATC,ucin162conc
22,GTGA,ucin182conc
22,TCAG,ucin213conc
22,GCTT,ucin222
22,CTAC,ucin231
22,TGTC,ucin240
22,TCAC,ucin251
22,GACT,ucin262reconc
23,GTGT,ucin122re
23,AGAC,ucin135
23,ACCA,ucin143
23,AGTG,ucin153conc
23,CATC,ucin164re
23,GTGA,ucin203conc
23,TCAG,ucin215
23,GCTT,ucin223
23,CTAC,ucin232
23,TGTC,ucin241
23,TCAC,ucin253
23,GACT,ucin263
24,GTGT,ucin124
24,AGAC,ucin136
24,ACCA,ucin144
24,AGTG,ucin154re
24,CATC,ucin165conc
24,GTGA,ucin204conc
24,TCAG,ucin216
24,GCTT,ucin224
24,CTAC,ucin233
24,TGTC,ucin242
24,TCAC,ucin256
24,GACT,ucin264
25,GTGT,ucin265conc
25,AGAC,ucin274re
25,ACCA,ucin305
25,AGTG,ucin313
25,CATC,ucin326conc
25,GTGA,ucin334re
25,TCAG,ucin279concreplicate
25,GCTT,ucin350
25,CTAC,ucin361
25,TGTC,ucin383
25,TCAC,ucin404
25,GACT,ucin416
26,GTGT,ucin266reconc
26,AGAC,ucin275
26,ACCA,ucin306
26,AGTG,ucin315
26,CATC,ucin327re
26,GTGA,ucin336
26,TCAG,ucin343conc
26,GCTT,ucin351re
26,CTAC,ucin363
26,TGTC,ucin385
26,TCAC,ucin405
26,GACT,ucin419conc
27,GTGT,ucin267
27,AGAC,ucin279conc
27,ACCA,ucin307
27,AGTG,ucin316
27,CATC,ucin328
27,GTGA,ucin337
27,TCAG,ucin344
27,GCTT,ucin354
27,CTAC,ucin364conc
27,TGTC,ucin386
27,TCAC,ucin408re
27,GACT,ucin420
28,GTGT,ucin268
28,AGAC,ucin300
28,ACCA,ucin308
28,AGTG,ucin318
28,CATC,ucin329
28,GTGA,ucin338
28,TCAG,ucin345re
28,GCTT,ucin355
28,CTAC,ucin365
28,TGTC,ucin399
28,TCAC,ucin409
28,GACT,ucin422
29,GTGT,ucin269
29,AGAC,ucin301
29,ACCA,ucin309
29,AGTG,ucin321
29,CATC,ucin330
29,GTGA,ucin339
29,TCAG,ucin346
29,GCTT,ucin356
29,CTAC,ucin379
29,TGTC,ucin400
29,TCAC,ucin412
29,GACT,ucin424
30,GTGT,ucin270
30,AGAC,ucin302
30,ACCA,ucin310conc
30,AGTG,ucin322
30,CATC,ucin331
30,GTGA,ucin340
30,TCAG,ucin347conc
30,GCTT,ucin358conc
30,CTAC,ucin380conc
30,TGTC,ucin401
30,TCAC,ucin413
30,GACT,ucin425
31,GTGT,ucin273
31,AGAC,ucin303
31,ACCA,ucin311
31,AGTG,ucin323
31,CATC,ucin332
31,GTGA,ucin341conc
31,TCAG,ucin348
31,GCTT,ucin359
31,CTAC,ucin381
31,TGTC,ucin402
31,TCAC,ucin414
31,GACT,ucin426
32,GTGT,ucin261replicate
32,AGAC,ucin304
32,ACCA,ucin312
32,AGTG,ucin325re
32,CATC,ucin333
32,GTGA,ucin342re
32,TCAG,ucin349conc
32,GCTT,ucin360
32,CTAC,ucin382
32,TGTC,ucin431z
32,TCAC,ucin415
32,GACT,ucin429
33,GTGT,ucin432z
33,AGAC,ucin433
33,ACCA,ucin434
33,AGTG,ucin435
33,CATC,ucin436
33,GTGA,ucin437
33,TCAG,ucin012RE
33,GCTT,ucin063RE
33,CTAC,ucin210RE
33,TGTC,ucin211RE
33,TCAC,ucin212RE
33,GACT,ucin406RE
34,GTGT,ucin407RE
34,AGAC,ucin413replicate
34,ACCA,ucin427RE
34,AGTG,ucin009z
34,CATC,ucin010REz
34,GTGA,ucin011REz
34,TCAG,ucin018z
34,GCTT,ucin046z
34,CTAC,ucin048z
34,TGTC,ucin049z
34,TCAC,ucin052z
34,GACT,ucin057z
35,GTGT,ucin058z
35,AGAC,ucin060z
35,ACCA,ucin061z
35,AGTG,ucin062z
35,CATC,ucin076z
35,GTGA,ucin077z
35,TCAG,ucin078z
35,GCTT,ucin079z
35,CTAC,ucin080z
35,TGTC,ucin123z
35,TCAC,ucin129z
35,GACT,ucin130z
36,GTGT,ucin131z
36,AGAC,ucin134z
36,ACCA,ucin147z
36,AGTG,ucin150z
36,CATC,ucin163z
36,GTGA,ucin166z
36,TCAG,ucin169z
36,GCTT,ucin179REz
36,CTAC,ucin214z
36,TGTC,ucin228z
36,TCAC,ucin235z
36,GACT,ucin246z
37,GTGT,ucin252z
37,AGAC,ucin271REz
37,ACCA,ucin276z
37,AGTG,ucin277z
37,CATC,ucin278z
37,GTGA,ucin314z
37,TCAG,ucin317z
37,GCTT,ucin319z
37,CTAC,ucin320z
37,TGTC,ucin324z
37,TCAC,ucin335z
37,GACT,ucin352z
38,GTGT,ucin353z
38,AGAC,ucin357z
38,ACCA,ucin362z
38,AGTG,ucin384REz
38,CATC,ucin410z
38,GTGA,ucin411z
38,TCAG,ucin417z
38,GCTT,ucin418z
38,CTAC,ucin421z
38,TGTC,ucin423z
38,TCAC,ucin428z
38,GACT,ucin430z
